,Unnamed: 0,date,title,review,rating,username,helpful_votes,review_length,platform,language,location,version,verified_purchase,detect_language,sentiment
0,0,2024-09-06,Claim who accept.,sense include lot effect fill general relationship save security land record class democrat nearly recent,4,morrowthomas,30,22,Flipkart,ar,Nepal,3.8.4,No,en,positive
1,1,2025-07-03,Growth pretty wish.,ask develop bag worker pass expert white arm similar compare manager action sure million crime member recognize past,4,sheakimberly,120,22,Flipkart,ar,Guinea,5.2.6,Yes,en,positive
2,2,,What then spend offer reason whom none.,customer address region try near risk girl spring paper create offer end imagine blood authority family water,5,katherineali,130,21,Flipkart,es,Kuwait,3.6.5,No,en,positive
3,3,,Say dog drug enter director strong student.,television loss election small detail red son include good act strategy eat behavior purpose start away use live government especially water raise travel,1,eric11,72,26,Amazon,pt,Uruguay,5.7.2,No,en,negative
4,4,,Purpose here beyond.,pass share lot manage world worker exactly develop office approach son long maybe hour company recently ready,5,chloe42,123,27,Amazon,zh,Mayotte,5.8.6,No,en,positive
5,5,,Care throw piece move firm main economy.,especially gas contain interest industry sell half conference capital office direction establish dog certainly change south computer,3,rosshannah,48,23,Flipkart,pt,Bahamas,4.3.6,Yes,en,neutral
6,6,2025-05-02,Maintain say threat high expert place certain.,live picture free guess night use election quickly paper officer practice mrs expect foot,3,daniellemcfarland,190,18,App Store,ja,Italy,4.2.7,Yes,en,neutral
7,7,,Share bar energy choice pressure those finally.,occur support author class direction fact environment popular know television guy minute late cold doctor edge season decision believe view list approach,2,joanramos,128,29,Website,zh,Brunei Darussalam,1.7.1,No,en,negative
8,8,,Source kind hand employee field.,stuff agreement professional team foot live window music evening know wide recently opportunity lead theory policy training loss,1,millskatherine,184,21,Flipkart,ja,Burkina Faso,2.1.7,No,en,negative
9,9,,Determine bad personal might son party.,light water local involve fall discuss nature country think join economic resource position,3,justin84,159,16,App Store,es,Isle of Man,3.8.6,No,en,neutral
10,10,2025-09-06,Management game find.,consumer face pm pay evening performance fly charge wide win example account bed,4,dbolton,138,16,Google Play,pt,Qatar,1.3.4,Yes,en,positive
11,11,,List race fine follow pick.,form weight argue simply author consider time economic high actually window research window east yes current,1,garnerandrea,111,20,Google Play,es,British Virgin Islands,4.2.4,Yes,en,negative
12,12,2025-07-06,Before peace us young personal art popular.,police cup think tell design plan foot cold everybody build smile ok real read choice eat,1,martinezjesse,83,19,Google Play,hi,Micronesia,3.5.6,Yes,en,negative
13,13,,Here control affect task simply draw return.,south cover ready group care magazine join far couple cost girl run story trial attention choice fast enjoy happen,2,rlee,135,24,App Store,pt,Luxembourg,2.2.2,Yes,en,negative
14,14,,Guess sea three state.,child executive important focus benefit probably analysis visit condition blood court price moment red hand paper audience decade man threat bag song,5,colonjoseph,97,26,Website,de,Armenia,4.9.2,Yes,en,positive
15,15,,Society nearly measure price.,strong democratic mind big discuss country moment eat personal condition black police group learn professor,4,umahoney,163,19,Amazon,ar,Mayotte,3.0.7,No,en,positive
16,16,,Try memory number occur behind.,include plan step food drive nation heart nearly season growth language risk work military year feel develop talk state ready,5,ikelly,40,24,Google Play,ar,Estonia,3.9.4,No,en,positive
17,17,,Indicate test thank dinner present own.,economic feel notice design baby foot lot major reflect standard organization feel room office bad argue girl,3,walterscrystal,116,21,Amazon,de,Austria,4.7.1,Yes,en,neutral
18,18,,Nice maintain present cultural pattern save east.,american music change maybe determine rule hotel knowledge organization measure develop skill challenge live seat nature energy huge recently seven,4,adamsrussell,146,23,Amazon,pt,Poland,3.4.0,No,en,positive
19,19,,We unit than star add.,public interest fly order agency fight write pattern wrong kind certainly rate choose rock beat science,3,torresthomas,2,20,Website,en,Greenland,5.7.4,Yes,en,neutral
20,20,,Ten affect test power discuss herself.,deep national seek nature performance yeah reason property heavy town money exist smile peace apply pressure home,5,mckeetodd,90,20,Flipkart,de,Nauru,5.4.2,Yes,en,positive
21,21,,Want we difficult.,cost leader unit easy morning majority season adult range green artist election hit,1,penny21,79,19,App Store,en,Saint Lucia,5.5.2,Yes,en,negative
22,22,2025-05-05,Fish they risk she.,partner personal dinner drive check wife travel forget deal catch range dark catch read travel involve training prevent north citizen attack mouth rest,3,tali,83,27,App Store,fr,Kenya,2.2.8,No,en,neutral
23,23,,Clearly difficult impact why.,charge capital ago worry pay paper partner reach grow read live maybe paint republican hear system man,5,stephanie33,128,19,Amazon,fr,Saudi Arabia,3.7.4,No,en,positive
24,24,2024-08-06,Minute later still.,computer western pay reach term simply station result hour voice occur movie political,1,richjohn,119,16,Google Play,fr,Martinique,2.6.8,No,en,negative
25,25,,Single visit receive career.,newspaper piece fact huge similar experience coach family try ready tough position bed,1,bmorris,101,17,Google Play,hi,Christmas Island,5.1.7,No,en,negative
26,26,,Information finally shoulder.,time think bed food possible represent clearly run relationship plant risk window partner civil nearly analysis color friend television class certain shoulder,3,lroberts,149,26,App Store,zh,British Indian Ocean Territory (Chagos Archipelago),1.3.7,Yes,en,neutral
27,27,2024-06-02,Project study fear.,activity marriage material space open little improve bag outside natural people newspaper stay challenge president,5,williamsrobert,143,23,Amazon,pt,Christmas Island,2.1.7,No,en,positive
28,28,2025-07-06,Receive partner body role pick.,particularly reality organization skin concern lie use behavior follow today star serve successful assume likely business teacher forget include,4,webbhaley,29,20,Flipkart,en,Vietnam,1.4.7,Yes,en,positive
29,29,2024-06-08,South defense political real effort attack feel.,interview summer employee offer pass market role manage conference participant remember ability agency personal brother summer son increase free,1,katie15,60,23,Website,fr,Guam,4.7.5,No,en,negative
30,30,2024-02-01,At chance subject fund heart move.,pattern ahead compare form public trouble population loss physical mr leg sport argue minute north question new affect officer forward trouble,5,ashleyprice,190,25,Flipkart,ja,Nauru,1.7.9,No,en,positive
31,31,2025-05-08,Financial force show better word might yeah.,relate fire include market later week democratic company hear dark begin medium child future low,3,jennystevens,8,20,Amazon,de,Rwanda,4.7.3,No,en,neutral
32,32,,Bill my near even wall sound off.,break financial analysis summer threat billion seat serve fly court everybody kid brother chance event address performance,1,charlesaustin,175,22,Amazon,ru,Guadeloupe,3.0.6,No,en,negative
33,33,,Like water century time election guy contain.,ahead tough beat hot relate picture real pattern fine stage require provide wind sense letter capital spend turn life lay,2,kristina57,31,25,App Store,es,Libyan Arab Jamahiriya,2.9.0,Yes,en,negative
34,34,2025-06-06,Per nature wind himself future.,little goal leave color page meet research blood news audience leave opportunity,3,bmueller,62,15,Flipkart,pt,Mongolia,2.1.8,Yes,en,neutral
35,35,,Serious produce laugh.,door production main option leg computer attorney board sport management produce bed stage think tough,5,peter97,55,23,Flipkart,zh,Congo,2.9.0,No,en,positive
36,36,2025-07-03,Image itself deep community cause new.,feel quickly truth view response trip wrong old particularly identify camera family hard nature apply reflect star grow technology tend dog reduce hour fish,2,mary24,33,25,Website,hi,Tunisia,2.1.0,Yes,en,negative
37,37,,Need last green control painting official.,care author administration return main join wrong case south team throw receive lawyer,1,jenniferadams,91,15,Flipkart,pt,Vanuatu,3.0.2,No,en,negative
38,38,,Fine apply gas sing light mention light safe.,happen relate loss real center rule worker worker single let model particular early piece professional protect range,1,zgomez,32,21,App Store,ru,French Polynesia,1.1.7,No,en,negative
39,39,,Edge past every either scientist.,type risk article list college prevent factor agree machine camera baby,3,reneestevenson,131,15,Website,es,Palestinian Territory,4.8.3,Yes,en,neutral
40,40,2025-05-05,Politics sense break.,space end red machine son television garden base certain value study sell include produce rise cold official success,5,stevenalvarez,77,19,App Store,en,Lebanon,1.7.6,No,en,positive
41,41,,Effort once leave push.,raise hope enjoy eye high firm morning truth pm truth teach friend environment,1,jessicachapman,125,20,App Store,es,Congo,1.5.9,Yes,en,negative
42,42,,Candidate prevent tonight not whose to receive education.,question year finish action attack moment rate goal edge people arm order describe outside business beat,1,eguerrero,32,21,Amazon,pt,Northern Mariana Islands,5.8.5,No,en,negative
43,43,,Century shoulder despite poor.,realize property sit artist home election spend concern attorney woman customer hotel population,5,gbaldwin,135,17,Amazon,ar,Antigua and Barbuda,5.9.6,Yes,en,positive
44,44,2024-08-07,Long identify road speech audience difficult his.,number economy knowledge chance policy professor entire record middle vote,1,imartinez,167,13,Website,de,Vietnam,4.7.3,No,en,negative
45,45,,Cause cover rest or majority.,radio place movement ball short computer course receive piece grow plan,3,sparksdawn,116,20,App Store,ja,Luxembourg,1.5.6,No,en,neutral
46,46,,Particularly structure ask stage box organization past.,administration fund return deep president mission vote thank chance center president likely truth animal red candidate common film soldier,3,brockronald,95,26,Flipkart,ar,Sudan,1.1.1,Yes,en,neutral
47,47,,Religious order exist really.,food wish office case student soldier share friend building center collection close old card social place heavy citizen ball account,4,nschwartz,24,24,Amazon,fr,Cambodia,5.0.9,No,en,positive
48,48,,Everybody create someone rate why.,mission include visit particular conference matter wear physical girl dog brother morning believe gun seven music despite,1,kjimenez,105,20,Amazon,ja,Paraguay,1.4.9,No,en,negative
49,49,,For better scene thank.,approach hair decide edge pattern analysis science understand compare size machine break time return cup quality,3,evance,26,20,Website,ru,Latvia,2.2.7,Yes,en,neutral
50,50,,Majority yet option student evidence role save.,approach job democratic participant concern health leader create grow especially allow arrive carry surface learn commercial gas page smile point particularly color wife talk beat,1,johnhamilton,89,27,Website,zh,Cyprus,1.4.9,Yes,en,negative
51,51,,With less catch.,watch trial individual analysis yard safe mean international hour special recent well drive actually rule wear car fast positive look fight reflect teach section,4,xlopez,143,27,Website,pt,Nigeria,5.0.9,No,en,positive
52,52,2025-06-04,Book half people.,team audience throw allow international recently partner offer debate range friend usually method travel hair,1,michael81,46,17,Amazon,hi,Moldova,3.5.0,Yes,en,negative
53,53,,Question mouth factor per son war speak.,catch friend power sell reflect fly today institution approach health laugh stop like,2,lopeznicole,144,18,App Store,es,Benin,2.0.1,Yes,en,negative
54,54,,Success knowledge fight car smile commercial employee.,today eye body recent minute physical fall use listen information scene country soon strong mind official pretty skin main,4,swatson,107,26,App Store,zh,Sierra Leone,2.5.4,No,en,positive
55,55,,Hard day religious program within.,chance expect peace claim movement win stuff realize project child draw american,5,nathanfernandez,152,15,Google Play,en,Central African Republic,2.2.9,Yes,en,positive
56,56,,Question bring agent pay.,build agent use shoulder way choose wife national relate listen face want wonder chair north trade kind ready rule,1,seandavis,69,23,App Store,ja,Azerbaijan,4.9.7,No,en,negative
57,57,,Hard health expect goal within them.,develop mrs knowledge public wish hour owner memory argue project huge,3,lewispamela,55,16,Website,es,Saint Vincent and the Grenadines,3.6.1,No,en,neutral
58,58,,Face make state few one management.,eye south wife interest cause beat debate listen test series important trial increase new report sense carry control,5,ywalker,124,23,Website,hi,Afghanistan,1.3.6,Yes,en,positive
59,59,,Physical live reason build mention.,feel policy pm buy program explain conference trade population budget yes seat ok,1,brucefrancisco,52,16,Amazon,de,Azerbaijan,2.4.4,No,en,negative
60,60,,Even recently guy move goal.,leave group apply guess player western factor police message short consumer sell step,1,alexanderholmes,1,18,App Store,ja,Holy See (Vatican City State),2.2.6,Yes,en,negative
61,61,,Threat our shake garden report agreement.,include tv clear design story somebody ready weight suffer republican individual trouble bring capital admit reality catch,5,walkermelissa,143,20,Amazon,es,Cambodia,4.0.6,Yes,en,positive
62,62,,Continue goal before suffer walk.,film decide wonder interesting bear affect machine blue soldier message arrive budget education property senior site turn day,4,michael89,19,21,Amazon,pt,Dominican Republic,4.9.6,No,en,positive
63,63,,Relate news American foreign break exist.,attention standard shake respond commercial senior rise turn surface hand operation congress great democrat dinner world buy book career,3,gloria73,29,27,App Store,en,Mexico,3.2.9,No,en,neutral
64,64,,Ask window full organization.,world task sort voice happen actually purpose mission budget house reason scientist,3,bmartinez,22,17,App Store,es,Saint Kitts and Nevis,2.6.9,No,en,neutral
65,65,,Check perform benefit baby seem should.,share order series song wall green project wear memory challenge lawyer business majority discuss wall ahead scene store marriage ago condition painting,5,qharris,20,23,App Store,hi,Luxembourg,3.3.5,Yes,en,positive
66,66,,Maintain body push process rate occur.,energy gas teacher national weight involve trip fire heavy computer process single clearly issue fine,1,khart,130,19,Google Play,ru,Macedonia,5.3.5,No,en,negative
67,67,,Also price institution method inside after.,enjoy opportunity help short expect article opportunity campaign hand special agree game good generation group goal product easy possible travel assume figure,2,uchapman,60,27,Google Play,fr,Honduras,3.3.2,Yes,en,negative
68,68,,Behind front attack song little decide somebody prepare.,follow good major real day market specific property coach federal cut player wind away sure degree enter father source person response,1,william46,45,23,App Store,ar,Panama,5.9.7,No,en,negative
69,69,2025-09-07,Mission hair challenge character.,customer person law shake congress affect reflect television officer produce station visit environmental point speak table trade risk,3,megan65,38,20,App Store,es,Tokelau,4.7.4,No,en,neutral
70,70,,Evening ahead smile everyone.,plant suffer environment expert civil image box court early nice job positive,5,dawnwilliams,14,16,Amazon,ru,Saint Helena,1.4.7,No,en,positive
71,71,,Edge this draw business southern forget once.,area finish fear western public style successful door number matter build professional oil simple,1,vshaffer,14,18,Amazon,hi,Dominica,1.1.9,No,en,negative
72,72,,Education his police red total.,design blood degree impact television argue mouth record nation radio white view guy resource start paper success production wait real,4,nicholsjoel,148,25,Website,en,Kenya,4.9.3,No,en,positive
73,73,,Likely include subject response theory star station.,travel hotel bed state father teacher civil speech popular smile bag,5,william56,121,16,Website,fr,Netherlands Antilles,1.7.1,No,en,positive
74,74,,Consider then war this difference way.,scene law agree appear political picture social carry husband pick finish bank citizen require power candidate order improve vote later card community foreign example base,1,rebeccamccann,129,28,Flipkart,en,Congo,2.7.7,Yes,en,negative
75,75,,Risk country Congress society agreement.,peace outside chance color note add turn law purpose budget require course technology site explain management candidate task outside,3,joe73,95,23,Amazon,ja,Heard Island and McDonald Islands,4.5.9,Yes,en,neutral
76,76,,Accept mean herself.,beat light window huge defense interest authority news dog traditional vote,3,ilambert,16,18,Amazon,es,Uganda,5.6.4,No,en,neutral
77,77,,Might job close say man.,oil employee mean car report item employee finish material wind exactly guess involve total enjoy,5,angelalivingston,38,18,Amazon,es,Norfolk Island,5.2.5,No,en,positive
78,78,2025-04-01,Short Congress turn east marriage behind forget.,apply chance discover employee relationship job american ground magazine manage suffer term buy behavior test congress collection meet evening,4,erin16,33,26,Website,es,Holy See (Vatican City State),3.8.6,No,en,positive
79,79,,High human concern whole tend become system clear.,student child ball store process law western price forget analysis performance laugh water trade tell soon executive season natural,2,wmitchell,171,23,Website,es,Zimbabwe,4.8.5,Yes,en,negative
80,80,,Pass its international American game less.,build south financial rate capital story mention majority live institution series,3,deborahreeves,79,15,Flipkart,de,Venezuela,3.7.3,Yes,en,neutral
81,81,2024-04-08,Green one shoulder administration scientist.,picture modern fact join trade local chance campaign total success mission far necessary true message member include let result,2,lwhite,39,19,Google Play,hi,Tajikistan,1.8.8,Yes,en,negative
82,82,,Rise field spend pattern real white push source.,bar theory fear lawyer prove space game truth special decision word pull adult house actually pretty,3,martinezalexander,196,22,Website,fr,Bouvet Island (Bouvetoya),5.6.2,Yes,en,neutral
83,83,2025-05-01,Anything account piece require woman support.,receive agree loss certain drop teach mrs beat challenge instead bring total school knowledge machine drug far stop,2,benjamin67,177,22,Website,fr,Malawi,4.0.6,No,en,negative
84,84,,Capital fall represent where strategy pull same.,test discussion art affect office network environmental possible threat bring performance large job claim risk light medical rate table resource,2,kmarsh,113,25,Website,hi,Niger,4.3.8,Yes,en,negative
85,85,,Box dinner no main year size.,real beat lot community choose man soldier wall management decide adult thing ground city allow,3,carrilloangela,200,19,App Store,de,Ukraine,3.9.7,No,en,neutral
86,86,,Wide shoulder according strong list expert.,page bit watch sense window sit participant teach big black picture treat church factor kid medium run positive free case summer,3,christopherwatson,199,27,App Store,ru,Saudi Arabia,5.6.2,Yes,en,neutral
87,87,2025-07-07,Around place require produce mind fast I.,picture early send morning skin case investment truth weight gun ahead certainly act south want fire word clearly article service produce political,5,jennifer55,35,25,Amazon,en,Algeria,4.5.8,Yes,en,positive
88,88,,Memory fine future player.,particular chair identify popular thought person peace kind think sit identify culture feeling free rise science yeah exist,5,johnsonlaura,31,21,Amazon,es,Namibia,2.4.7,Yes,en,positive
89,89,,Suddenly doctor federal project spring of cause.,strategy fight institution measure rule success employee medical buy large occur accept fund door second ok research visit,4,pstone,23,18,Flipkart,ar,Bosnia and Herzegovina,3.0.6,Yes,en,positive
90,90,,Tell brother defense list second want hard.,old state guess well republican stock bank artist thousand live land hard idea single pm ready way rule indicate clear medium machine leader,4,guzmanricky,128,27,Amazon,de,British Indian Ocean Territory (Chagos Archipelago),4.1.5,Yes,en,positive
91,91,,Little result paper seven measure leave.,face mission brother figure hear family agreement central instead view figure exist standard major business individual,1,jcontreras,81,22,Google Play,zh,Tonga,2.2.0,No,en,negative
92,92,,Western my serious whatever miss.,person hold fund animal provide kitchen tend religious occur religious night buy nice,4,bshaw,178,18,Flipkart,ar,British Indian Ocean Territory (Chagos Archipelago),4.9.0,Yes,en,positive
93,93,,Collection century eight bed fill imagine college.,conference affect skill early relationship think know southern parent technology future congress agency month high woman,1,howard04,65,19,Flipkart,fr,Iceland,5.9.8,No,en,negative
94,94,,Fight image base player.,central throw election walk tonight appear dream door meet boy art let imagine machine imagine especially white push east,1,kristathomas,198,24,Amazon,de,Mauritania,3.1.0,Yes,en,negative
95,95,,One member animal school none.,mr interest treatment later let stop eye art event economy successful,4,christopher12,163,16,Website,ar,Saint Kitts and Nevis,1.1.7,Yes,en,positive
96,96,,Including time reflect several.,decision measure soon war play woman remain early work game outside administration reality position ability live,5,cobbdebra,147,20,Flipkart,fr,Belarus,3.6.0,No,en,positive
97,97,2024-06-08,Doctor management guy exactly toward.,staff knowledge heavy group concern recent leg view know develop exactly tv group bed party field,2,adrianjoyce,146,22,App Store,fr,Northern Mariana Islands,1.8.5,Yes,en,negative
98,98,,Ability interview pull practice take follow such.,thank notice management necessary process radio compare open second camera value talk thing rock summer age wide question pass,5,rhill,139,22,Website,ru,Malaysia,5.0.6,No,en,positive
99,99,2024-08-09,Something various subject east list when strategy start.,guess service different information large accept create bank occur agent interest avoid economic clearly financial personal benefit lose space,1,sherryparsons,162,22,App Store,zh,Nicaragua,3.0.5,Yes,en,negative
100,100,,Far high benefit.,personal beat art finish summer site artist sort area particularly big argue,3,mhall,61,15,Google Play,pt,Solomon Islands,3.2.0,No,en,neutral
101,101,2024-07-07,During someone art find.,action somebody people fund visit situation law foreign court bill organization subject meet green loss,5,ppalmer,86,21,Flipkart,ar,Saudi Arabia,4.2.2,Yes,en,positive
102,102,,Country little reality level realize system.,certainly light owner fact wife military price arm medical strong teach instead crime customer training size,4,christina65,9,18,Amazon,de,Central African Republic,1.3.0,No,en,positive
103,103,,Current exist despite.,treat turn police level defense lose shoulder spring day contain wrong guy available air boy fact create analysis,3,jennifer58,131,23,App Store,ru,Ecuador,4.4.0,Yes,en,neutral
104,104,,Third capital couple mouth.,successful treat quality skin book figure drive special produce wait young think assume,3,louis63,91,18,Google Play,zh,Uruguay,3.1.5,No,en,neutral
105,105,,Debate thus later.,family chance easy picture evidence meet major road ask meet population meeting material focus hear reason resource manager environmental husband tv,4,randytorres,190,29,App Store,ja,Tuvalu,3.2.7,No,en,positive
106,106,,Better author although customer cultural.,church successful effort far million discover american mention later source conference doctor population grow bar successful mention poor skill,3,john43,132,25,Amazon,es,Romania,4.1.6,Yes,en,neutral
107,107,,Serious reveal left social fine could show.,sell science treatment federal state watch state activity pressure writer week tend dinner rich decide,5,cclark,75,20,Amazon,es,Timor-Leste,1.5.4,No,en,positive
108,108,,Nothing sometimes trial off hospital high.,hear officer campaign wall act special fund industry rate idea single mrs age size child,4,ybrown,154,18,App Store,fr,Comoros,4.5.7,Yes,en,positive
109,109,2024-01-06,Sea home tough deal that finally stand.,forget police fight commercial push concern major cost attorney white exist process attorney arm million commercial teacher improve church book movie,3,kmoore,157,23,App Store,hi,Wallis and Futuna,1.1.6,No,en,neutral
110,110,,Statement sure indeed conference pay it his probably.,datum respond learn cut yard knowledge station painting east forget notice leg explain thing lead red republican father,5,longsonya,191,20,Flipkart,en,Dominican Republic,2.9.7,Yes,en,positive
111,111,,However action boy true force.,event physical factor trouble recently reveal describe management building hard sense mean single improve close debate ago police leave gas human,2,ewashington,17,23,Flipkart,zh,Belize,3.6.9,Yes,en,negative
112,112,2025-08-09,Hospital final appear above.,require likely evidence claim stuff parent concern buy collection provide action event key concern research mother kind answer play mission,5,pwang,39,22,App Store,zh,Holy See (Vatican City State),3.7.1,Yes,en,positive
113,113,,Building degree ground community I first.,customer administration agreement address star benefit right analysis mention spring follow phone person house,5,olewis,93,18,App Store,zh,Bahrain,3.3.1,Yes,en,positive
114,114,,Treatment large memory score me relate actually again.,practice hard attack despite feel work big movie commercial outside wonder recent question win forward play fish surface lot friend,2,parkerjoann,127,24,Website,ja,Saudi Arabia,5.1.4,No,en,negative
115,115,,Day approach truth write soon.,bag case material dark heart politic draw rise write kitchen theory care fish minute possible eye agency suggest,4,cathyjames,54,20,Website,hi,Gibraltar,4.3.1,Yes,en,positive
116,116,,Even sit bag win huge.,picture ask man west appear yeah voice community nature somebody door right find return computer eat experience large,1,thomashenderson,115,21,Flipkart,ar,New Caledonia,1.5.5,Yes,en,negative
117,117,2024-08-01,Man understand wait wife health majority.,set standard soldier high serve tv organization check risk figure exist lose resource cultural trouble technology,5,ortizbenjamin,138,22,Amazon,hi,Uruguay,2.2.5,Yes,en,positive
118,118,2025-08-04,End lay race effect.,usually class remember play happy prepare unit save drug spend piece,1,alexanderwise,51,18,Flipkart,de,Norway,4.0.5,No,en,negative
119,119,,According collection man best similar.,huge million country institution stop education safe sell thank body sport especially decide security,4,pwarren,141,22,Flipkart,pt,France,1.1.4,No,en,positive
120,120,,Ahead doctor magazine set act entire.,color hear region cup consider way late sport control arrive consumer total impact phone person coach fall help everybody,4,ortegakristina,134,21,App Store,ja,Armenia,5.1.2,No,en,positive
121,121,2025-09-08,Rise thousand catch own than evidence.,mission account owner seven usually list radio gas firm dream guess huge particularly wish south able,1,miguelmontgomery,115,21,App Store,ru,Palestinian Territory,3.2.8,Yes,en,negative
122,122,2024-01-01,Size respond all marriage beautiful strategy you.,method produce point walk focus plant wide save question partner bank use tax safe family crime century mind,2,cjackson,110,26,Website,en,Zimbabwe,1.8.2,No,en,negative
123,123,,Use short over popular help.,production drive deep send process respond civil total short rest program week provide program plant man somebody,2,yvaldez,41,22,Amazon,de,Moldova,3.8.4,Yes,en,negative
124,124,,Blood across system firm staff.,speak difference break scientist visit seat break happy table officer ability artist movie suggest woman floor half quickly mind,3,mary77,50,23,Website,hi,Cameroon,2.4.9,Yes,en,neutral
125,125,2024-02-08,Road federal spring treatment city again hot.,certainly program soon reflect final wrong long stock manager region heavy wonder decision run special red apply tend condition,5,wgregory,164,24,Flipkart,pt,Saudi Arabia,5.2.2,No,en,positive
126,126,,Big size teach heavy work quickly collection.,author risk executive type red nature good food social tend approach leader clear case receive fact certain design security rise,5,davisterri,10,22,Google Play,es,Christmas Island,1.9.4,Yes,en,positive
127,127,,Every president happen build bar majority.,woman practice order wide phone identify common seat simply yard provide bed,5,andrewberry,106,17,Website,en,Montenegro,4.8.4,No,en,positive
128,128,,Television receive accept language.,reflect fear foot continue spend new movie speech major million research buy send today,4,david29,62,24,App Store,hi,Costa Rica,4.1.0,Yes,en,positive
129,129,,Reason mission worry goal Mrs decide between.,send fear commercial eat animal watch fall cause,4,youngjacob,106,15,App Store,ar,French Southern Territories,2.5.9,Yes,en,positive
130,130,,Nor positive memory clearly start first.,democratic grow campaign performance avoid effort power clear lie war vote century datum picture especially plan population,3,mgray,183,20,Amazon,zh,Egypt,4.2.5,Yes,en,neutral
131,131,,Believe give occur example even between answer.,body nature policy guy event event well woman develop weight situation money open,3,stacey62,61,19,App Store,es,Guatemala,3.7.3,Yes,en,neutral
132,132,,Figure teach water image fine.,necessary think require price central environment truth religious eat participant religious consumer worry maybe walk thing,1,walterschase,12,24,Amazon,ja,Dominican Republic,5.6.3,Yes,en,negative
133,133,,Reflect see each school week statement.,offer experience space action way quality look middle thousand recently pattern treat second,3,lawsontami,147,17,Amazon,de,Peru,2.7.8,No,en,neutral
134,134,,Stay along leg pay major green past.,tough company happen card government color wide quickly story face low enter able piece hour type,4,kenneth10,78,21,App Store,en,Guernsey,1.6.8,No,en,positive
135,135,,Board just style class government.,issue culture improve tree choose prevent difficult house federal consider,2,tsmith,55,15,Website,zh,Congo,1.0.4,No,en,negative
136,136,2025-09-07,Body blue again choose.,expect card inside program way budget major race camera sister rise score stay,5,saundersjoel,167,19,App Store,hi,Philippines,5.0.1,No,en,positive
137,137,,Pick chance build husband event court certainly adult.,involve account lose executive bar investment pay role cost short yes easy star cup relationship special red maybe congress,2,christopherwilliams,67,21,Amazon,ja,Ireland,3.0.6,Yes,en,negative
138,138,,Hair fight best add necessary technology former.,record woman develop international article interview appear body hair represent east time consider produce focus experience exactly paper issue edge,5,julia98,143,21,Flipkart,zh,Netherlands Antilles,5.4.1,No,en,positive
139,139,2024-06-09,Court nearly education theory.,practice decide think candidate sea build treatment cover knowledge well walk people feel listen set child,5,patricia71,115,19,Website,hi,United States Minor Outlying Islands,5.9.1,Yes,en,positive
140,140,,Close seek his single.,lot model weight cold face article win couple sport manager mouth message,1,nlawson,100,15,Amazon,zh,Colombia,5.5.2,Yes,en,negative
141,141,,Politics eat statement.,occur option mention mean result fast environmental budget difference factor policy walk card,5,smithmichael,130,18,App Store,ru,Netherlands Antilles,1.0.0,Yes,en,positive
142,142,,Thank plant nearly stage determine.,bar relationship near reveal impact particularly foot arm staff station room evidence administration price test voice reveal read,3,james62,121,20,Website,ar,Kiribati,2.9.8,Yes,en,neutral
143,143,,Case seek activity between himself body add.,happy total behavior consider continue television country role positive stage reach century interview lawyer population,3,andersonkayla,156,20,Amazon,fr,Ethiopia,4.9.4,No,en,neutral
144,144,2025-03-09,Agency interview challenge pretty difficult.,outside society act social stand system cause service spring film look argue reality physical stay bill father memory student center,5,tmcdaniel,130,24,Website,ar,Swaziland,5.4.7,Yes,en,positive
145,145,,Then even material hard enter trade.,man yard different example baby free type turn time page concern outside quickly change project feeling stage,3,mccormickmichelle,84,19,Google Play,ja,Canada,5.4.0,No,en,neutral
146,146,,Himself near much manage movie.,floor hospital return size long attack official certain follow camera good management loss win pm catch,3,patrickcarpenter,167,18,Website,pt,Italy,2.0.9,No,en,neutral
147,147,2025-07-01,Help ago who he.,specific despite beautiful gun datum sure gun listen card body treat guess far century table tree drug argue case,2,batescharles,134,22,Website,ja,Taiwan,2.3.0,Yes,en,negative
148,148,,Page community civil.,air half bad baby notice sport change consumer security recognize federal sit receive expert choose,2,rwall,4,17,App Store,zh,Yemen,4.2.6,Yes,en,negative
149,149,,Still close sound position crime board.,stop try maybe remember interest church win miss argue hot state wish paint baby realize local present,4,coxkimberly,128,21,Website,ar,Grenada,1.2.8,Yes,en,positive
150,150,2025-02-01,Crime sell rise wind reflect best imagine.,executive assume series finally necessary point allow worry low answer behavior final wonder,5,shawkimberly,83,20,App Store,ru,Anguilla,4.5.2,No,en,positive
151,151,,Fact perhaps vote always require raise.,local claim radio bad personal discuss democratic shoulder claim white rock prepare game size,5,jasonbishop,87,19,Website,zh,Belarus,3.9.7,Yes,en,positive
152,152,,Major guy expert important people quite kid.,physical marriage source central natural sit beautiful finish value claim office government author represent leave worry shake kind vote,2,nathaniel68,71,24,Website,hi,Korea,2.4.4,Yes,en,negative
153,153,,Too let beat rule true two should.,popular scientist start account fact citizen human authority hold left behavior letter,4,richardbrown,81,14,App Store,zh,Guam,5.4.4,Yes,en,positive
154,154,2024-01-07,The modern prove else store begin top.,defense scientist boy lawyer nation certainly degree write similar artist smile degree deep age serve institution edge compare center event bank,5,tabitha42,173,24,Website,ja,Congo,4.5.2,No,en,positive
155,155,,Wall tax plant police official already second.,loss movement join tree statement night throw cup pattern food worry voice sea character learn challenge box wide image minute,1,robertpayne,73,27,Google Play,zh,Chad,4.4.7,Yes,en,negative
156,156,,Learn health need class.,democratic decide course quickly western hair film standard record power lie improve goal mission share box,2,qjames,137,19,Amazon,ru,Portugal,3.2.1,Yes,en,negative
157,157,2025-09-09,Account hear difference exist they enough.,plant reduce visit town student bed administration usually billion know ok allow face inside development lawyer high crime light buy trial include,2,anunez,12,27,Website,de,United Arab Emirates,2.0.1,No,en,negative
158,158,,Mean place six successful.,allow ago subject million scientist fish color occur involve new cover popular stock soon official player community tough military join,3,mary25,183,24,App Store,es,Costa Rica,2.0.8,Yes,en,neutral
159,159,,Bar century age world term.,agent activity check peace win score candidate law place group dream today father movement early sister skill process,4,stevenscaitlin,167,22,App Store,ar,Botswana,2.4.5,No,en,positive
160,160,,Low pass national citizen score unit.,energy congress suddenly tree debate somebody include baby reach heart finish traditional speak conference act condition note parent wish,1,catherineherrera,196,23,Google Play,pt,Malaysia,2.8.0,Yes,en,negative
161,161,2024-09-02,Two economic cup suffer response which.,describe half ahead catch base reality environment loss necessary family seat mention,4,silvakatie,45,16,Google Play,ja,Georgia,4.2.4,Yes,en,positive
162,162,2024-07-06,Air conference follow so group authority.,west maintain interest section staff performance parent current good today standard threat education important page theory wear,1,nathan51,76,21,Website,pt,Algeria,1.5.4,No,en,negative
163,163,2025-05-01,Spend cup anyone management another ever.,response degree focus discussion money bill teacher avoid instead series,5,martinezgeorge,134,17,App Store,fr,Greece,5.7.4,Yes,en,positive
164,164,,Management political treat successful visit bill difference.,door adult situation office leave capital truth population attorney believe sort rich send news finish partner hotel recent,1,taylorvictoria,84,25,Flipkart,ar,Tokelau,3.2.0,No,en,negative
165,165,,On build floor challenge.,difficult right speech staff mr read appear water avoid forget partner speech establish color,3,qwalsh,145,18,Flipkart,fr,British Virgin Islands,5.6.6,No,en,neutral
166,166,2025-08-08,Method finish want remain pretty summer black.,drive long majority exactly significant lot begin represent good structure drug reason avoid manager defense provide life maintain future sport,1,jefferycox,102,22,Google Play,fr,Korea,2.7.5,Yes,en,negative
167,167,,Meet apply evening best possible rule.,message sister clearly film thank possible challenge seat drive environment live goal brother nearly great deep,1,mlee,66,22,App Store,de,Iraq,4.4.5,No,en,negative
168,168,,System reach color race coach.,parent million body eat book boy time offer draw mother record identify hotel detail station reality manager commercial data pm relationship explain continue traditional performance,5,rachel20,185,29,Website,en,Papua New Guinea,3.5.3,Yes,en,positive
169,169,,Fight save laugh same.,free concern baby quickly table order wide major easy admit fact direction sense simple,1,elizabeth45,119,19,Amazon,fr,Kuwait,4.8.4,Yes,en,negative
170,170,,Create western police whole.,feel free military professional tend machine establish mind policy task process center marriage scientist wind grow,3,harcher,94,19,Website,de,China,2.2.7,Yes,en,neutral
171,171,,Administration American executive or apply.,thousand hospital individual yes finally american mind gas partner item note society body chair race model face newspaper class main ask,4,adam50,191,24,Website,zh,Australia,4.8.7,Yes,en,positive
172,172,,Throw turn others community.,exist teacher program shoulder choice beat central run truth fact allow usually eat question hit human,2,ushelton,174,18,Website,es,Spain,5.7.8,No,en,negative
173,173,2025-07-03,Because cell trade skill oil health.,raise current career feel beat note leave contain site street benefit money reason mean rate group government level leave tree ago,1,brian62,144,23,Google Play,en,Iraq,5.8.3,Yes,en,negative
174,174,,Reduce might no.,leg military stuff establish good fact loss article science purpose,2,rtaylor,83,14,Website,ar,Northern Mariana Islands,1.3.9,No,en,negative
175,175,2024-03-09,Argue business identify work star success.,feel financial writer accord machine reach boy check mind easy billion agency medium,1,lorraine79,130,14,App Store,en,British Virgin Islands,4.2.8,No,en,negative
176,176,,Few population throw people amount trade while life.,player continue stand price color score national lose face open happen history son spend challenge exist build hope,4,khill,144,21,Google Play,ru,Guinea-Bissau,4.4.0,No,en,positive
177,177,,Open oil once stop attack ahead.,decision total modern message company charge pretty teach cause size type attention stuff low paper congress remain medical probably,3,jesseortega,0,23,Flipkart,pt,Luxembourg,1.0.6,No,en,neutral
178,178,,News cultural make quickly different score its.,food discuss sign true somebody black thing rock wind artist boy suggest authority shake paper subject type fly recognize help writer,1,christopherjohnson,138,23,Google Play,es,Paraguay,4.0.4,No,en,negative
179,179,2024-07-07,Material anything music against.,cell accept similar future radio strategy list goal peace case attack heavy audience site fear,2,sandra46,196,23,Flipkart,ja,Romania,3.6.7,No,en,negative
180,180,,Dog authority way toward.,citizen explain drop military matter human arm recently book likely true enjoy air end free share cause natural safe,4,reedchad,20,22,Website,fr,Israel,3.1.2,No,en,positive
181,181,,She receive involve interview case just.,thought long rich bit market different local sit theory direction ago site cultural raise adult lot,5,michael56,32,21,Flipkart,en,Uruguay,1.4.7,No,en,positive
182,182,2025-01-06,Price prevent baby voice day relate spend.,discussion open dinner section thousand soldier yard address spend baby camera congress analysis glass pretty factor paper,5,scottturner,97,19,Flipkart,de,Haiti,4.5.2,No,en,positive
183,183,,Arrive take himself affect.,fall president money environment recently approach relationship perform evidence datum case discover score decision head staff center recognize practice law box material,2,ccruz,185,28,Google Play,en,Czech Republic,4.9.0,Yes,en,negative
184,184,,Weight usually explain yard movement interest.,continue issue appear figure girl ago participant throw special opportunity game stop role save arm body,2,francisco67,17,21,Google Play,pt,Samoa,1.7.9,Yes,en,negative
185,185,2025-09-08,Design around voice everybody particular finish ask.,car address son week beat economic house environmental economy president sign activity fill produce structure summer kitchen admit grow point,2,jonathanbuchanan,189,25,Google Play,ja,Eritrea,4.3.8,Yes,en,negative
186,186,,Glass back kitchen memory down.,camera piece chair peace boy range team oil response weight yeah window administration suddenly support music,1,ashley61,35,20,Website,hi,Norway,2.9.5,No,en,negative
187,187,,Require vote her old price change several power.,central force small friend impact present likely wind perform happy fact change option blood deep finish respond score,2,benjaminvictoria,77,18,Flipkart,ru,Monaco,2.6.4,No,en,negative
188,188,,President painting large industry notice step.,piece safe building parent process minute crime offer treat gun lay security break drop run gun goal measure,1,sarasanchez,142,25,Website,fr,United States of America,4.8.7,Yes,en,negative
189,189,,Car term truth toward.,program paint somebody game brother impact measure chance management thing cup conference law building enjoy sea issue real,3,david83,164,22,App Store,ru,Rwanda,3.6.6,Yes,en,neutral
190,190,,Time order have power.,station participant blue reveal available wear treat piece scientist job record safe rich operation star meeting,3,lflores,96,19,Flipkart,ru,Madagascar,4.3.3,No,en,neutral
191,191,,Girl close explain main.,evidence significant discussion manage answer military modern meet expect sport writer decision mind offer past,2,nicoleroberts,118,20,Google Play,ru,United States Virgin Islands,4.6.8,Yes,en,negative
192,192,,Respond try build threat.,send project cell deal stuff senior agree total music accord hard example way interview know law,4,ibaker,62,20,Amazon,de,Fiji,3.1.7,No,en,positive
193,193,,Account carry heavy wall pull enter charge sport.,sound season develop avoid church friend piece mention religious fire item usually fish success produce,1,mcampbell,137,21,Flipkart,en,Norfolk Island,3.6.9,Yes,en,negative
194,194,,Themselves property make picture our.,week tax attack newspaper decade read party piece doctor west,1,ophillips,48,16,Website,ru,Bouvet Island (Bouvetoya),2.7.3,No,en,negative
195,195,,Article sign energy fish hot kind.,information language easy interesting computer produce girl huge similar low source major include dog fact medical,3,dgreen,3,18,Flipkart,de,Ethiopia,1.7.3,Yes,en,neutral
196,196,,Teacher director soon treat former democratic.,fund stand final important occur coach deal personal particularly music wear sister good decision movement world study,4,shelbyjohnson,61,24,Website,zh,Angola,3.6.7,No,en,positive
197,197,,Painting charge save society create paper fine.,bill huge machine church feeling discover significant easy evening buy pretty stand theory technology baby mean region run sea,3,ronald04,66,21,Amazon,ru,Falkland Islands (Malvinas),4.7.1,No,en,neutral
198,198,,Side language live board financial century.,wide office heavy involve develop image traditional mouth admit market hour head national board difference window,3,davisgary,52,19,Amazon,zh,Tonga,4.0.9,Yes,en,neutral
199,199,,Recognize heart series class security coach.,economic center pattern list rich note discussion edge find character focus environmental decide major matter dog leave lot science run tv,2,hkane,4,28,Amazon,ru,Argentina,5.9.6,No,en,negative
200,200,,Decision form section you until clearly resource.,manager phone modern cause industry brother result mission past practice center model daughter pass research mind economy,2,asmith,50,22,Amazon,de,Christmas Island,4.9.3,No,en,negative
201,201,,Must process back check room evidence enjoy.,attack find mrs article light choose general add cover exist treatment international role happen short,5,martinezalexa,167,22,Amazon,hi,Oman,4.7.7,Yes,en,positive
202,202,,Force matter bring nice help history listen.,form sign option southern protect list collection situation sound chair close follow time appear memory,3,mary58,43,20,Flipkart,ru,Belgium,4.2.8,Yes,en,neutral
203,203,,Him condition section action kind.,success western watch street represent style night majority smile rate newspaper term talk generation interest pay,5,adamcollins,8,20,Google Play,en,Bhutan,1.6.2,Yes,en,positive
204,204,,Space although ahead thus check save that.,trouble actually event positive politic huge region wife statement tell young place list,1,christopherflowers,181,18,Flipkart,en,British Indian Ocean Territory (Chagos Archipelago),2.8.7,No,en,negative
205,205,,Challenge entire common and part read important.,pm artist good work create pass admit student summer town want wait idea study prove assume,1,collinsann,158,20,Website,ar,British Indian Ocean Territory (Chagos Archipelago),4.0.0,No,en,negative
206,206,,Section scene financial here expert.,recent leg break bed role control option short design hear ball right east study politic,1,donald56,4,18,Website,hi,Czech Republic,5.4.0,No,en,negative
207,207,,Before significant election life all.,evening current begin great hair piece story strong history mrs decision reduce specific debate record mean,2,holmescrystal,27,23,Google Play,ru,Lebanon,2.3.3,No,en,negative
208,208,,Room list during rich over lot.,head help open red picture thank account instead friend cost group clear national sell pattern order,3,oevans,68,19,App Store,es,Serbia,3.6.7,Yes,en,neutral
209,209,,Tax job right child new.,blue international especially officer clearly coach feel recently model week sell candidate wife finally soon learn close challenge feeling ball,2,adam25,76,27,Google Play,en,Bolivia,1.6.6,No,en,negative
210,210,,Trip population catch could deep itself.,recognize tree protect story relationship benefit campaign card significant today prove wife agree concern dog gun ability,5,patrick26,121,26,Google Play,en,Canada,2.1.7,No,en,positive
211,211,,Activity president prove institution approach interesting score.,hit start instead clear radio strong let run pretty identify southern claim medical,3,munozleah,144,17,Google Play,ru,Korea,1.3.3,No,en,neutral
212,212,,Let always test.,sit republican bear condition interest service bag opportunity culture spend road lawyer,3,mrichardson,11,17,Google Play,hi,Poland,5.9.0,Yes,en,neutral
213,213,,Plan issue ever will.,international push short age environment fall indicate land fear ground school eat base,3,samanthaberger,4,16,Flipkart,pt,Venezuela,2.6.1,No,en,neutral
214,214,2025-06-05,Past much soldier reason any.,notice american force participant rich speech big mention rise pm institution wear present student item bring court end,2,blewis,144,23,Flipkart,pt,Falkland Islands (Malvinas),4.8.5,No,en,negative
215,215,2025-02-05,Play forget home upon actually future.,everybody provide paint travel question evening imagine affect price leg play well different remember determine particularly rock participant leave,2,lynn27,176,21,Google Play,ru,Timor-Leste,3.0.1,No,en,negative
216,216,2025-05-08,Writer heart Mrs her we but how.,decision recently pull allow system place generation debate world fight later level choose person north share exist,2,victoriaduncan,19,24,Amazon,pt,Christmas Island,5.9.6,No,en,negative
217,217,,Under concern eye mouth.,short worker nearly goal design picture professional plan player maybe mouth different identify series experience,1,kathryn21,162,20,Amazon,ar,Hungary,4.3.5,No,en,negative
218,218,,Leader rich dream line.,wind improve player peace catch people outside rule watch foot coach personal range weight age smile hope memory cover,4,marcuscarter,47,21,Website,ja,Uganda,1.9.4,Yes,en,positive
219,219,2025-03-02,Positive move agency lose rise fall huge state.,officer learn raise kitchen drop computer leave political study training reveal attorney security radio image mind like history situation mr,1,coxjennifer,21,24,Amazon,fr,Madagascar,4.2.6,No,en,negative
220,220,2025-07-02,Challenge eye determine he.,investment buy certainly energy stay send bear college include fund tree decide good politic available tonight man employee far know skin record organization,3,jennifer42,27,25,Google Play,en,Mongolia,3.7.5,No,en,neutral
221,221,,Image peace color general choose system fire.,little key far season reason chair factor pm surface chance activity hair meet thank,1,nicholas72,33,16,Google Play,fr,Trinidad and Tobago,4.7.8,No,en,negative
222,222,,Suggest Mrs bag something land mission each.,compare today add water garden finally difference sing smile practice ground notice police activity second standard skin scientist hair allow phone weight medical,1,hannahcurtis,6,26,Google Play,zh,Ecuador,5.1.9,No,en,negative
223,223,,Between operation our feel act.,concern entire sea safe true town car debate ok mr sit plant cultural bring bar,4,hcallahan,3,21,Amazon,ja,Saint Helena,4.1.8,Yes,en,positive
224,224,2025-03-07,Assume it fight understand.,crime south pass lead senior manage computer medical exist population mother game question personal bear series consider accord throw meeting,5,rpeterson,133,26,Flipkart,ja,Martinique,2.2.4,No,en,positive
225,225,,He fill risk stop firm.,cover board discussion film figure short line range decision public food court commercial citizen production listen organization indicate risk director enjoy,3,ronald66,126,24,Flipkart,es,Albania,2.6.4,No,en,neutral
226,226,,Blood during for look return.,area impact position cause lead stand dark product strategy focus nice current democrat,3,ccrane,123,18,Google Play,zh,Slovakia (Slovak Republic),3.3.7,Yes,en,neutral
227,227,2025-05-06,Foreign national produce news stage.,reach train main exactly parent heart big policy everybody hard book care seek foot simple include charge character federal customer,4,taylorkayla,27,21,Flipkart,hi,Trinidad and Tobago,1.6.5,No,en,positive
228,228,,Not yet where.,guess significant section democrat fly direction gun current effort section age budget improve main answer tree mention,3,kristy74,112,21,Amazon,ja,Montserrat,5.2.4,No,en,neutral
229,229,,Practice authority possible fund.,north wind sister mother life practice course authority range stand letter,5,zpreston,177,14,Flipkart,ar,Montserrat,3.2.6,No,en,positive
230,230,,Music west force firm.,hope follow character talk purpose force leader program great test check significant deal consider ago suddenly,3,dominiqueharris,188,22,App Store,pt,Central African Republic,2.5.6,No,en,neutral
231,231,,Clear decide wait scientist.,turn sign agree want way agent land human day sport behavior compare tree right,4,kara56,93,19,Google Play,pt,Comoros,2.9.8,Yes,en,positive
232,232,,Role today animal suggest concern.,son growth effort bear lead account sound growth finally assume watch present director red practice special administration,5,andersoneric,6,20,App Store,de,Puerto Rico,4.4.1,No,en,positive
233,233,,Marriage fill personal.,article sort term produce increase information company million character speak protect half understand skill,4,christy00,35,15,Amazon,de,Greenland,3.2.6,No,en,positive
234,234,2024-09-01,Light total campaign prevent half party respond.,trial help modern citizen address today begin write key tax speak,1,kvasquez,114,20,Website,ar,Congo,5.6.8,No,en,negative
235,235,,Foreign hear certainly say.,method south central process sea response executive past difficult continue process forget wind property mind officer service,5,adkinslauren,9,18,Amazon,ru,Niue,5.1.1,Yes,en,positive
236,236,,Effort southern maintain nature.,woman add play structure activity lose thank wife yeah law enjoy key seat pretty method,3,barnettmatthew,42,20,Website,en,Malaysia,5.6.5,No,en,neutral
237,237,,Consumer star those memory center quite simply.,site interview agent window build require girl laugh network vote,1,jessicagomez,2,14,Google Play,hi,Nepal,2.8.8,Yes,en,negative
238,238,,Interest dark any wide husband hope miss instead.,mouth young hear close plant peace successful charge walk,4,imcdonald,95,16,App Store,ar,Saint Helena,5.8.2,No,en,positive
239,239,,Strong audience white everybody throughout.,edge new find type party arrive improve lose civil hospital city industry option,1,barberbrenda,123,18,Google Play,hi,Peru,4.1.1,Yes,en,negative
240,240,,Letter one then reality some serve different billion.,kitchen public set action bring find bill pick discussion state particular child senior result american study,3,john76,79,22,Amazon,ar,Italy,2.8.7,No,en,neutral
241,241,2024-06-04,Parent not parent that property among blue.,tend exactly right edge meet information work bar big south drug manager opportunity program billion sit remain,4,johnstondavid,24,18,App Store,ar,Serbia,3.1.4,Yes,en,positive
242,242,,Piece forget factor.,oil remember page spring responsibility positive key leave tell vote spend physical sing protect agent note,1,upham,5,17,Amazon,es,Korea,2.3.8,Yes,en,negative
243,243,,Goal Mrs source whole first figure.,grow raise good everybody situation foot recognize play decide natural focus husband spring suddenly task,5,fowlerlawrence,40,18,Amazon,ru,Luxembourg,4.7.3,No,en,positive
244,244,,Cup bed our theory.,series dark task magazine guess city follow bear ok training record night series mrs huge,2,jphelps,47,17,App Store,ja,Saint Barthelemy,1.9.3,No,en,negative
245,245,,Father who tax.,government card history suddenly save theory party wife food different step nature property event manager street work early difficult possible democratic,5,amassey,109,22,App Store,en,Micronesia,2.3.4,Yes,en,positive
246,246,,Remain movement bit step direction give reduce.,court control million offer total hit end hair soon issue hair floor ground care team worry east mrs wonder,5,stevenandrews,26,23,Website,fr,Austria,3.5.3,No,en,positive
247,247,,Form now then watch certain.,opportunity ask large practice time live relationship great western water road require region wall worry democrat laugh mrs,1,michelle90,67,24,App Store,ru,Rwanda,3.9.6,No,en,negative
248,248,2024-07-03,Recent catch gas benefit great religious.,simple audience include claim create woman similar writer ahead rock forward idea red rate source,5,victor24,29,19,Amazon,zh,Iran,4.9.2,No,en,positive
249,249,,Wish best raise choice hear.,goal positive bank later election article arrive health collection white agree teacher western country consider,5,patriciamccarthy,151,23,Google Play,fr,Turkmenistan,3.1.3,No,en,positive
